,id,station_name,line,station_url
1,1,Sentul Timur,Ampang,"https://www.google.com/maps/place/Sentul+Timur+(AG1%2FSP1)/@3.1859317,101.6927778,17z/data=!3m1!4b1!4m6!3m5!1s0x31cc480f54dfc287:0x8f8579d617f532a!8m2!3d3.1859317!4d101.6953527!16s%2Fm%2F0266dzv?entry=ttu"
2,2,Sentul,Ampang,"https://www.google.com/maps/place/Sentul/@3.1785138,101.6935548,17.25z/data=!4m6!3m5!1s0x31cc481a800ccf6b:0xe273e6adfb110a7a!8m2!3d3.1783351!4d101.695587!16s%2Fg%2F11h5lkwtlt?entry=ttu"
3,3,Titiwangsa,Ampang,"https://www.google.com/maps/place/Titiwangsa/@3.1734861,101.6950282,19.25z/data=!4m15!1m8!3m7!1s0x31cc481780306ef3:0x90b1090dd1e3eaeb!2sLrt+Station+Titiwangsa,+53000+Kuala+Lumpur,+Wilayah+Persekutuan+Kuala+Lumpur!3b1!8m2!3d3.1735079!4d101.6953101!16s%2Fg%2F12hnrxgh5!3m5!1s0x31cc48178066fed7:0x2f205a7a3a66240c!8m2!3d3.1735082!4d101.6953433!16s%2Fm%2F0264ksb?entry=ttu"
4,4,PWTC,Ampang,"https://www.google.com/maps/place/PWTC/@3.1665923,101.6936275,17z/data=!3m1!4b1!4m6!3m5!1s0x31cc483c9c046049:0x68b40ecd820ea1b5!8m2!3d3.1665923!4d101.6936275!16s%2Fm%2F026cbkw?entry=ttu"
5,5,Sultan Ismail,Ampang,"https://www.google.com/maps/place/Sultan+Ismail/@3.16124,101.6915351,17z/data=!3m1!4b1!4m6!3m5!1s0x31cc48300b26048b:0x895001f6e78a997c!8m2!3d3.16124!4d101.69411!16s%2Fm%2F026mhkk?entry=ttu"
6,6,Bandaraya,Ampang,"https://www.google.com/maps/place/Bandaraya/@3.1555429,101.6918002,17z/data=!3m1!4b1!4m6!3m5!1s0x31cc483213d558c9:0xe2f9aafac9ae2ef0!8m2!3d3.1555429!4d101.6943751!16s%2Fg%2F1hc1nvkbw?entry=ttu"
7,8,Plaza Rakyat,Ampang,"https://www.google.com/maps/place/Plaza+Rakyat/@3.14405,101.6995251,17z/data=!3m1!4b1!4m6!3m5!1s0x31cc49d6d1d419a5:0x3c9dc274afb7ba67!8m2!3d3.14405!4d101.7021!16s%2Fm%2F026fqy3?entry=ttu"
8,9,Hang Tuah,Ampang,"https://www.google.com/maps/place/Hang+Tuah/@3.1397764,101.7036962,17z/data=!3m1!4b1!4m6!3m5!1s0x31cc49d86dcfffe1:0x698a4bdc186506be!8m2!3d3.1397764!4d101.7062711!16s%2Fg%2F11c5_cl7y0?entry=ttu"
9,10,Pudu,Ampang,"https://www.google.com/maps/place/Pudu/@3.13488,101.7093851,17z/data=!3m1!4b1!4m6!3m5!1s0x31cc3621635018b7:0x6333ee7ef464ce80!8m2!3d3.13488!4d101.71196!16s%2Fm%2F0264fv1?entry=ttu"
10,11,Chan Sow Lin,Ampang,"https://www.google.com/maps/place/Chan+Sow+Lin/@3.1278462,101.7130145,17z/data=!3m1!4b1!4m6!3m5!1s0x31cc36199e8b218d:0x3c65b8908d6c2ea4!8m2!3d3.1278462!4d101.7155894!16s%2Fm%2F0265wkk?entry=ttu"
11,12,Miharja,Ampang,"https://www.google.com/maps/place/Miharja/@3.1209302,101.7153123,17z/data=!3m1!4b1!4m15!1m8!3m7!1s0x31cc360559f8d957:0x8650905a864da725!2sMiharja+LRT+station,+Taman+Miharja,+55200+Kuala+Lumpur,+Federal+Territory+of+Kuala+Lumpur!3b1!8m2!3d3.1209905!4d101.7178829!16s%2Fm%2F026mhs2!3m5!1s0x31cc360558e70e83:0xe8674416ea5586cd!8m2!3d3.1209302!4d101.7178872!16s%2Fg%2F1tdms3l3?entry=ttu"
12,13,Maluri,Ampang,"https://www.google.com/maps/place/Maluri/@3.1233637,101.7245684,17z/data=!3m1!4b1!4m6!3m5!1s0x31cc3612e428eb83:0x1271221e0407a799!8m2!3d3.1233637!4d101.7271433!16s%2Fg%2F11bwc_z146?entry=ttu"
13,14,Pandan Jaya,Ampang,"https://www.google.com/maps/place/Pandan+Jaya/@3.1302401,101.7363835,17z/data=!3m1!4b1!4m6!3m5!1s0x31cc36683952bf0b:0x42b88a446f3a3ac9!8m2!3d3.1302401!4d101.7389584!16s%2Fm%2F026frgn?entry=ttu"
14,15,Pandan Indah,Ampang,"https://www.google.com/maps/place/Pandan+Indah/@3.1346839,101.7456384,18.5z/data=!4m6!3m5!1s0x31cc365e9e576bfb:0xe9eaa481f7a4d796!8m2!3d3.1347195!4d101.7467141!16s%2Fm%2F026g6fh?entry=ttu"
15,16,Cempaka,Ampang,"https://www.google.com/maps/place/LRT+Cempaka/@3.1383159,101.7505053,17z/data=!3m1!4b1!4m14!1m7!3m6!1s0x31cc36f7cd532103:0x1da053724ebe9afa!2sCempaka+(AG16)!8m2!3d3.1384812!4d101.7530362!16s%2Fg%2F11h5ll0k3h!3m5!1s0x31cc36f62dbb3147:0x81462692b43d297b!8m2!3d3.1383159!4d101.7530802!16s%2Fg%2F1txnlz6x?entry=ttu"
16,17,Cahaya,Ampang,"https://www.google.com/maps/place/Cahaya/@3.1407776,101.7558283,19z/data=!4m6!3m5!1s0x31cc36f75dc571cb:0xa60b610a1afc8fff!8m2!3d3.1405993!4d101.756602!16s%2Fg%2F1tfbvz35?entry=ttu"
17,18,Ampang,Ampang,"https://www.google.com/maps/place/Ampang/@3.1501823,101.7584388,18z/data=!4m14!1m7!3m6!1s0x31cc36fd88631cf9:0xf9214dfb7cfc3596!2sLRT+Ampang!8m2!3d3.1504876!4d101.7603647!16s%2Fg%2F11cp5fjxqs!3m5!1s0x31cc36fd888a0053:0x67169fcd7c72af1f!8m2!3d3.15032!4d101.76005!16s%2Fm%2F026mhxk?entry=ttu"
18,19,Sentul Timur,Sri Petaling,"https://www.google.com/maps/place/Sentul+Timur+(AG1%2FSP1)/@3.1859317,101.6927778,17z/data=!3m1!4b1!4m6!3m5!1s0x31cc480f54dfc287:0x8f8579d617f532a!8m2!3d3.1859317!4d101.6953527!16s%2Fm%2F0266dzv?entry=ttu"
19,20,Sentul,Sri Petaling,"https://www.google.com/maps/place/Sentul/@3.1785138,101.6935548,17.25z/data=!4m6!3m5!1s0x31cc481a800ccf6b:0xe273e6adfb110a7a!8m2!3d3.1783351!4d101.695587!16s%2Fg%2F11h5lkwtlt?entry=ttu"
20,21,Titiwangsa,Sri Petaling,"https://www.google.com/maps/place/Titiwangsa/@3.1734861,101.6950282,19.25z/data=!4m15!1m8!3m7!1s0x31cc481780306ef3:0x90b1090dd1e3eaeb!2sLrt+Station+Titiwangsa,+53000+Kuala+Lumpur,+Wilayah+Persekutuan+Kuala+Lumpur!3b1!8m2!3d3.1735079!4d101.6953101!16s%2Fg%2F12hnrxgh5!3m5!1s0x31cc48178066fed7:0x2f205a7a3a66240c!8m2!3d3.1735082!4d101.6953433!16s%2Fm%2F0264ksb?entry=ttu"
21,22,PWTC,Sri Petaling,"https://www.google.com/maps/place/PWTC/@3.1665923,101.6936275,17z/data=!3m1!4b1!4m6!3m5!1s0x31cc483c9c046049:0x68b40ecd820ea1b5!8m2!3d3.1665923!4d101.6936275!16s%2Fm%2F026cbkw?entry=ttu"
22,23,Sultan Ismail,Sri Petaling,"https://www.google.com/maps/place/Sultan+Ismail/@3.16124,101.6915351,17z/data=!3m1!4b1!4m6!3m5!1s0x31cc48300b26048b:0x895001f6e78a997c!8m2!3d3.16124!4d101.69411!16s%2Fm%2F026mhkk?entry=ttu"
23,24,Bandaraya,Sri Petaling,"https://www.google.com/maps/place/Bandaraya/@3.1555429,101.6918002,17z/data=!3m1!4b1!4m6!3m5!1s0x31cc483213d558c9:0xe2f9aafac9ae2ef0!8m2!3d3.1555429!4d101.6943751!16s%2Fg%2F1hc1nvkbw?entry=ttu"
24,26,Plaza Rakyat,Sri Petaling,"https://www.google.com/maps/place/Plaza+Rakyat/@3.14405,101.6995251,17z/data=!3m1!4b1!4m6!3m5!1s0x31cc49d6d1d419a5:0x3c9dc274afb7ba67!8m2!3d3.14405!4d101.7021!16s%2Fm%2F026fqy3?entry=ttu"
25,27,Hang Tuah,Sri Petaling,"https://www.google.com/maps/place/Hang+Tuah/@3.1397764,101.7036962,17z/data=!3m1!4b1!4m6!3m5!1s0x31cc49d86dcfffe1:0x698a4bdc186506be!8m2!3d3.1397764!4d101.7062711!16s%2Fg%2F11c5_cl7y0?entry=ttu"
26,28,Pudu,Sri Petaling,"https://www.google.com/maps/place/Pudu/@3.13488,101.7093851,17z/data=!3m1!4b1!4m6!3m5!1s0x31cc3621635018b7:0x6333ee7ef464ce80!8m2!3d3.13488!4d101.71196!16s%2Fm%2F0264fv1?entry=ttu"
27,29,Chan Sow Lin,Sri Petaling,"https://www.google.com/maps/place/Chan+Sow+Lin/@3.1278462,101.7130145,17z/data=!3m1!4b1!4m6!3m5!1s0x31cc36199e8b218d:0x3c65b8908d6c2ea4!8m2!3d3.1278462!4d101.7155894!16s%2Fm%2F0265wkk?entry=ttu"
28,30,Cheras,Sri Petaling,"https://www.google.com/maps/place/LRT+Cheras/@3.1123145,101.7123088,17.25z/data=!4m15!1m8!3m7!1s0x31cc3607692e7703:0xef2e985deb23b087!2sCheras+LRT+station,+Taman+Ikan+Emas,+57100+Kuala+Lumpur,+Federal+Territory+of+Kuala+Lumpur!3b1!8m2!3d3.1125996!4d101.7142131!16s%2Fm%2F026mhl7!3m5!1s0x31cc3607651a4573:0x55128edef01ae7e6!8m2!3d3.112397!4d101.714539!16s%2Fg%2F11fmbc_hl2?entry=ttu"
29,31,Salak Selatan,Sri Petaling,"https://www.google.com/maps/place/Salak+Selatan/@3.1020978,101.7037712,17z/data=!3m1!4b1!4m6!3m5!1s0x31cc4a0805c6800d:0x1292be2f774977ae!8m2!3d3.1020978!4d101.7063461!16s%2Fm%2F026mhmm?entry=ttu"
30,32,Bandar Tun Razak,Sri Petaling,"https://www.google.com/maps/place/Bandar+Tun+Razak/@3.0896481,101.7098643,17z/data=!3m1!4b1!4m6!3m5!1s0x31cc358c80963255:0xb62443244d54cdc6!8m2!3d3.0896481!4d101.7124392!16s%2Fm%2F026mhn9?entry=ttu"
31,33,Bandar Tasik Selatan,Sri Petaling,"https://www.google.com/maps/place/Bandar+Tasik+Selatan/@3.07611,101.7082551,17z/data=!3m1!4b1!4m6!3m5!1s0x31cc35813ca1c6d3:0xe95eb1e9bdcc29b1!8m2!3d3.07611!4d101.71083!16s%2Fm%2F0265cnh?entry=ttu"
32,34,Sungai Besi,Sri Petaling,"https://www.google.com/maps/place/Sungai+Besi/@3.0639386,101.7054322,17z/data=!3m1!4b1!4m6!3m5!1s0x31cc357d410125b3:0x48700a5d52c4f704!8m2!3d3.0639386!4d101.7080071!16s%2Fm%2F026mhqc?entry=ttu"
33,35,Bukit Jalil,Sri Petaling,"https://www.google.com/maps/place/Bukit+Jalil+(SP17)/@3.0582,101.6895451,17z/data=!3m1!4b1!4m6!3m5!1s0x31cc4a912ebf91d9:0x175dafa315f77cc6!8m2!3d3.0582!4d101.69212!16s%2Fg%2F1tf3wwmf?entry=ttu"
34,36,Sri Petaling,Sri Petaling,"https://www.google.com/maps/place/Sri+Petaling/@3.06144,101.6844951,17z/data=!3m1!4b1!4m6!3m5!1s0x31cc4a925f32fa79:0x2a4b897508421baa!8m2!3d3.06144!4d101.68707!16s%2Fg%2F11c700sk4k?entry=ttu"
35,37,Awan Besar,Sri Petaling,"https://www.google.com/maps/place/Awan+Besar/@3.0608641,101.6623266,15z/data=!4m6!3m5!1s0x31cc4ae5410190ad:0xc0b134dc52535054!8m2!3d3.0621113!4d101.6706325!16s%2Fg%2F11bwf24xqk?entry=ttu"
36,38,Muhibbah,Sri Petaling,"https://www.google.com/maps/place/Muhibbah/@3.0619788,101.659896,17z/data=!3m1!4b1!4m6!3m5!1s0x31cc4ae2bfada2b1:0x44c4ccd3a58acbba!8m2!3d3.0619788!4d101.6624709!16s%2Fg%2F11bwcrk_l1?entry=ttu"
37,39,Alam Sutera,Sri Petaling,"https://www.google.com/maps/place/Alam+Sutera/@3.0546753,101.6539575,17z/data=!3m1!4b1!4m6!3m5!1s0x31cc4b1f4782c36d:0x36cb46259c075dcc!8m2!3d3.0546753!4d101.6565324!16s%2Fg%2F11bwcdy290?entry=ttu"
38,40,Kinrara BK5,Sri Petaling,"https://www.google.com/maps/place/Kinrara+Bk5/@3.0504458,101.6417044,17z/data=!3m1!4b1!4m6!3m5!1s0x31cc4b3e9d819f1d:0x9ed46835ad4df55f!8m2!3d3.0504458!4d101.6442793!16s%2Fg%2F11bwcphvkz?entry=ttu"
39,41,IOI Puchong Jaya,Sri Petaling,"https://www.google.com/maps/place/IOI+Puchong+Jaya/@3.0480756,101.6183908,17z/data=!3m1!4b1!4m6!3m5!1s0x31cc4b595c7cb93d:0xc2862c0459a2dbef!8m2!3d3.0480756!4d101.6209657!16s%2Fg%2F11cjh__kwq?entry=ttu"
40,42,Pusat Bandar Puchong,Sri Petaling,"https://www.google.com/maps/place/Pusat+Bandar+Puchong/@3.0331607,101.6135076,17z/data=!3m1!4b1!4m6!3m5!1s0x31cdb4aaa1dcbb65:0x6e63832769c420e3!8m2!3d3.0331607!4d101.6160825!16s%2Fg%2F11c43mzzvr?entry=ttu"
41,43,Taman Perindustrian Puchong,Sri Petaling,"https://www.google.com/maps/place/Taman+Perindustrian+Puchong/@3.0222506,101.6130209,19.5z/data=!4m10!1m2!2m1!1sTaman+Perindustrian+Puchong+lrt!3m6!1s0x31cdb3584fc7c55d:0xf704a27aada83e36!8m2!3d3.022844!4d101.6134397!15sCh9UYW1hbiBQZXJpbmR1c3RyaWFuIFB1Y2hvbmcgbHJ0WiEiH3RhbWFuIHBlcmluZHVzdHJpYW4gcHVjaG9uZyBscnSSAQl0cmFtX3N0b3CaASNDaFpEU1VoTk1HOW5TMFZKUTBGblNVTTVielYxU1V4QkVBReABAA!16s%2Fg%2F11cjj0xgbb?entry=ttu"
42,44,Bandar Puteri,Sri Petaling,"https://www.google.com/maps/place/Bandar+Puteri/@3.0170271,101.6128574,17z/data=!3m1!4b1!4m6!3m5!1s0x31cdb35e54c3a119:0xd565f212327d871e!8m2!3d3.0170271!4d101.6128574!16s%2Fg%2F11clgm7bdn?entry=ttu"
43,45,Puchong Perdana,Sri Petaling,"https://www.google.com/maps/place/Puchong+Perdana/@3.0076019,101.6047112,19.75z/data=!4m14!1m7!3m6!1s0x31cdb36584b00d23:0x7ab7df58c138170e!2sPuchong+Perdana+LRT+Station!8m2!3d3.0078465!4d101.6050702!16s%2Fg%2F11clgj6txv!3m5!1s0x31cdb36584e824bd:0xfa0866ebcd9e6a3d!8m2!3d3.007913!4d101.605021!16s%2Fg%2F11bzyr2lnr?entry=ttu"
44,46,Puchong Prima,Sri Petaling,"https://www.google.com/maps/place/Puchong+Prima/@2.9998215,101.5965879,20.5z/data=!4m14!1m7!3m6!1s0x31cdb37470c1cefb:0x82cd18ea0d2cc1d1!2sLRT+Puchong+Prima!8m2!3d2.9998558!4d101.5967161!16s%2Fg%2F11dfsvf7hd!3m5!1s0x31cdb37470ede1ed:0x60a3a9c2bf9c7a4d!8m2!3d2.999808!4d101.596692!16s%2Fg%2F11cjj7xprh?entry=ttu"
45,47,Putra Heights,Sri Petaling,"https://www.google.com/maps/place/Putra+Heights/@2.996016,101.5729461,17z/data=!3m1!4b1!4m6!3m5!1s0x31cdb300ae5e2c4d:0xab7a77a3cbf308c5!8m2!3d2.996016!4d101.575521!16s%2Fm%2F0_ql9hx?entry=ttu"
46,48,Gombak,Kelana Jaya,"https://www.google.com/maps/place/Gombak/@3.230957,101.7216161,17z/data=!3m1!4b1!4m6!3m5!1s0x31cc388a1ec17041:0x2a9583dc4824c370!8m2!3d3.230957!4d101.724191!16s%2Fg%2F1hc458qcl?entry=ttu"
47,49,Taman Melati,Kelana Jaya,"https://www.google.com/maps/place/Taman+Melati/@3.2195556,101.7193203,17z/data=!3m1!4b1!4m6!3m5!1s0x31cc386f654783db:0x26205ea16e77d123!8m2!3d3.2195556!4d101.7218952!16s%2Fm%2F02669hm?entry=ttu"
48,50,Wangsa Maju,Kelana Jaya,"https://www.google.com/maps/place/Wangsa+Maju/@3.2051525,101.7319362,18.75z/data=!4m14!1m7!3m6!1s0x31cc383e7a6283ab:0xcfa9a2017d82c984!2sWangsa+Maju!8m2!3d3.205606!4d101.731913!16s%2Fg%2F11d_899s9d!3m5!1s0x31cc383e70002a5f:0x1f8707688a61df83!8m2!3d3.2057252!4d101.7318243!16s%2Fm%2F02669gy?entry=ttu"
49,51,Sri Rampai,Kelana Jaya,"https://www.google.com/maps/place/Sri+Rampai/@3.1985996,101.7364633,18.5z/data=!4m14!1m7!3m6!1s0x31cc3824dcd0315f:0x3cfe3a1b4fc5f10!2sLRT+Sri+Rampai!8m2!3d3.19918!4d101.73747!16s%2Fg%2F11vf8r6j94!3m5!1s0x31cc3824c2e166f5:0x84c8c9c58d3e6da8!8m2!3d3.1989382!4d101.7374781!16s%2Fg%2F11bc6ty5sc?entry=ttu"
50,52,Setiawangsa,Kelana Jaya,"https://www.google.com/maps/place/Setiawangsa+LRT+station/@3.1756,101.7331601,17z/data=!3m1!4b1!4m14!1m7!3m6!1s0x31cc379152fe41bb:0x1f7328dbfa1b06a1!2sLRT+Setiawangsa!8m2!3d3.17576!4d101.73584!16s%2Fg%2F11vbzqt3n8!3m5!1s0x31cc3796acb67b43:0xcf9b2041d301667b!8m2!3d3.1756!4d101.735735!16s%2Fm%2F02669g7?entry=ttu"
51,53,Jelatek,Kelana Jaya,"https://www.google.com/maps/place/Jelatek/@3.16734,101.7327751,17z/data=!3m1!4b1!4m6!3m5!1s0x31cc37bc274e731f:0x415981c97bf0be4!8m2!3d3.16734!4d101.73535!16s%2Fm%2F02669dj?entry=ttu"
52,54,Dato' Keramat,Kelana Jaya,"https://www.google.com/maps/place/KL2311+LRT+Dato'+Keramat/@3.1647456,101.7314368,19.75z/data=!4m14!1m7!3m6!1s0x31cc37b8da996465:0xb0cf720f8d4d932c!2sDato'+Keramat!8m2!3d3.1650619!4d101.7318535!16s%2Fg%2F1tgpkjk1!3m5!1s0x31cc37b8c55b5479:0x380820dc4e6a8634!8m2!3d3.16515!4d101.7316!16s%2Fm%2F02669cv?entry=ttu"
53,55,Damai,Kelana Jaya,"https://www.google.com/maps/place/Damai/@3.1645689,101.7241378,20.25z/data=!4m7!3m6!1s0x31cc37c699174f2d:0x10c0783705c43f67!4b1!8m2!3d3.1645052!4d101.724458!16s%2Fg%2F1td02k30?entry=ttu"
54,56,Ampang Park,Kelana Jaya,"https://www.google.com/maps/place/Ampang+Park/@3.1600785,101.7186794,19.5z/data=!4m10!1m2!2m1!1slrt+ampang+park!3m6!1s0x31cc37cfe83367cd:0x4e1b6df0610ffdcb!8m2!3d3.1598473!4d101.7191!15sCg9scnQgYW1wYW5nIHBhcmuSAQ10cmFpbl9zdGF0aW9u4AEA!16s%2Fm%2F02669bg?entry=ttu"
55,57,KLCC,Kelana Jaya,"https://www.google.com/maps/place/KLCC+LRT+Station/@3.1589522,101.7111546,17z/data=!4m10!1m2!2m1!1slrt+klcc!3m6!1s0x31cc37d0e72da717:0xec5e2bc8b52a784e!8m2!3d3.1589645!4d101.7141691!15sCghscnQga2xjY5IBCGJ1c19zdG9w4AEA!16s%2Fm%2F0264bs9?entry=ttu"
56,58,Kampung Baru,Kelana Jaya,"https://www.google.com/maps/place/Kampung+Baru/@3.16139,101.70661,17z/data=!4m6!3m5!1s0x31cc4827fef881e9:0xb8517d5f3ebeb49b!8m2!3d3.16139!4d101.70661!16s%2Fm%2F02669b3?entry=ttu"
57,59,Dang Wangi,Kelana Jaya,"https://www.google.com/maps/place/Dang+Wangi/@3.1560214,101.7021335,18.5z/data=!4m14!1m7!3m6!1s0x31cc482bd8e776e9:0x8757bbf4dc7e6!2sLRT+Dang+Wangi!8m2!3d3.156242!4d101.7029884!16s%2Fm%2F0264g29!3m5!1s0x31cc48295f50e873:0x1fcfb8049a799158!8m2!3d3.15634!4d101.70224!16s%2Fg%2F1hc5q2xmb?entry=ttu"
58,61,Pasar Seni,Kelana Jaya,"https://www.google.com/maps/place/Pasar+Seni/@3.14229,101.6929851,17z/data=!3m1!4b1!4m6!3m5!1s0x31cc49d01d3a37eb:0xb06db6494a54ba4b!8m2!3d3.14229!4d101.69556!16s%2Fm%2F0266992?entry=ttu"
59,62,KL Sentral,Kelana Jaya,"https://www.google.com/maps/place/KL+Sentral/@3.1422899,101.6852603,15z/data=!4m10!1m2!2m1!1slrt+kl+sentral!3m6!1s0x31cc49c0442ff9a7:0xdec2e43a59380537!8m2!3d3.13417!4d101.68611!15sCg5scnQga2wgc2VudHJhbJIBD3RyYW5zaXRfc3RhdGlvbuABAA!16zL20vMDFfYzY4?entry=ttu"
60,63,Bangsar,Kelana Jaya,"https://www.google.com/maps/place/Bangsar/@3.1276507,101.679149,17z/data=!3m1!4b1!4m6!3m5!1s0x31cc49940560e81b:0x56b12323d109067f!8m2!3d3.1276507!4d101.679149!16s%2Fm%2F02614t0?entry=ttu"
61,64,Abdullah Hukum,Kelana Jaya,"https://www.google.com/maps/place/Abdullah+Hukum/@3.1186831,101.6702991,17z/data=!3m1!4b1!4m6!3m5!1s0x31cc498f61117595:0x2364f353e53522e4!8m2!3d3.1186831!4d101.672874!16s%2Fm%2F02669l0?entry=ttu"
62,65,Kerinchi,Kelana Jaya,"https://www.google.com/maps/place/Kerinchi+(KJ18)/@3.1154385,101.667571,18.75z/data=!4m14!1m7!3m6!1s0x31cc49efb91da86d:0x833a80956709fffd!2sKerinchi+LRT!8m2!3d3.1155334!4d101.6682838!16s%2Fg%2F11y1cz3k4k!3m5!1s0x31cc4986e87ef097:0x7f2330a5868a7c34!8m2!3d3.11551!4d101.66857!16s%2Fg%2F11c5_6p2nw?entry=ttu"
63,66,Universiti,Kelana Jaya,"https://www.google.com/maps/place/LRT+Universiti+Station+(KJ19)/@3.1201718,101.651502,15.25z/data=!4m6!3m5!1s0x31cc49802e8cbedd:0xd63a383a81368e8e!8m2!3d3.1145746!4d101.6617999!16s%2Fm%2F02669n2?entry=ttu"
64,67,Taman Jaya,Kelana Jaya,"https://www.google.com/maps/place/Taman+Jaya/@3.1040439,101.6427019,17z/data=!3m1!4b1!4m6!3m5!1s0x31cc4bdb69fcd9c1:0x392a991e63548cc0!8m2!3d3.1040439!4d101.6452768!16s%2Fm%2F02669ns?entry=ttu"
65,68,Asia Jaya,Kelana Jaya,"https://www.google.com/maps/place/Asia+Jaya/@3.104548,101.6358551,17z/data=!4m14!1m7!3m6!1s0x31cc4bdd5c97ae83:0x2b9a4f20f8abd36b!2sLRT+Asia+Jaya!8m2!3d3.103883!4d101.639146!16s%2Fg%2F11h4kwljdb!3m5!1s0x31cc4be7f2c00f55:0xbefa05b0a61c1884!8m2!3d3.1043534!4d101.6376961!16s%2Fg%2F11clsdx27v?entry=ttu"
66,69,Taman Paramount,Kelana Jaya,"https://www.google.com/maps/place/Taman+Paramount/@3.1047598,101.6215876,18.25z/data=!4m14!1m7!3m6!1s0x31cc4bfa46bc8db5:0x3c16b1c486a10824!2sLRT+Taman+Paramount!8m2!3d3.1048806!4d101.6229978!16s%2Fg%2F1wzs_wp7!3m5!1s0x31cc4bfa46bd6f59:0x57f96d0fb2d56390!8m2!3d3.1046914!4d101.6231599!16s%2Fg%2F1wb8r5_d?entry=ttu"
67,70,Taman Bahagia,Kelana Jaya,"https://www.google.com/maps/place/Taman+Bahagia/@3.110708,101.6101144,17z/data=!3m1!4b1!4m6!3m5!1s0x31cc4c01aaefb703:0xe9ed18531b362e5b!8m2!3d3.110708!4d101.6126893!16s%2Fm%2F02669pt?entry=ttu"
68,71,Kelana Jaya,Kelana Jaya,"https://www.google.com/maps/place/Kelana+Jaya+(KJ24)/@3.112442,101.6019581,17z/data=!3m1!4b1!4m6!3m5!1s0x31cc4c02b2ed513d:0xe5e10f777dde4f88!8m2!3d3.112442!4d101.604533!16s%2Fm%2F0264bwf?entry=ttu"
69,72,Lembah Subang,Kelana Jaya,"https://www.google.com/maps/place/Lembah+Subang/@3.1120902,101.5886648,17z/data=!3m1!4b1!4m6!3m5!1s0x31cc4e9e0ef8c681:0x7f519870530e453c!8m2!3d3.1120902!4d101.5912397!16s%2Fg%2F11cjj6m78r?entry=ttu"
70,73,Ara Damansara,Kelana Jaya,"https://www.google.com/maps/place/Ara+Damansara/@3.108643,101.5837971,17z/data=!3m1!4b1!4m6!3m5!1s0x31cc4c26a6eae415:0xc6f7bf1cc474aef8!8m2!3d3.108643!4d101.586372!16s%2Fg%2F11clgfndg7?entry=ttu"
71,74,Glenmarie,Kelana Jaya,"https://www.google.com/maps/place/CGC%E2%80%93Glenmarie+(KJ27)/@3.0953997,101.5894361,19.25z/data=!4m14!1m7!3m6!1s0x31cc4c3fad3c582f:0xb48c1ec6c849a460!2sGlenmarie+LRT+Station!8m2!3d3.0956282!4d101.5900452!16s%2Fg%2F11clgrtlt8!3m5!1s0x31cc4c3f98dd3581:0x757fc28d486ad30b!8m2!3d3.095934!4d101.5903136!16s%2Fg%2F11cn_7yqcl?entry=ttu"
72,75,Subang Jaya,Kelana Jaya,"https://www.google.com/maps/place/Subang+Jaya/@3.0841752,101.5854307,18z/data=!4m14!1m7!3m6!1s0x31cc4c5b5389f555:0x6fd65c6f6f3e4935!2sLRT+Subang+Jaya!8m2!3d3.084511!4d101.586612!16s%2Fg%2F11b776gwvy!3m5!1s0x31cc4c435a0b171d:0x64c64e5130b86bad!8m2!3d3.084627!4d101.587566!16s%2Fm%2F0267rpk?entry=ttu"
73,76,SS 15,Kelana Jaya,"https://www.google.com/maps/place/SS+15/@3.075972,101.5834081,17z/data=!3m1!4b1!4m6!3m5!1s0x31cc4c58dd718585:0x4439a752f6db640c!8m2!3d3.075972!4d101.585983!16s%2Fg%2F11cjj8s57r?entry=ttu"
74,77,SS 18,Kelana Jaya,"https://www.google.com/maps/place/SS18/@3.067182,101.5833701,17z/data=!3m1!4b1!4m6!3m5!1s0x31cc4cf172b661e7:0xdef543338c8e29d1!8m2!3d3.067182!4d101.585945!16s%2Fg%2F11clgn8yrs?entry=ttu"
75,78,USJ 7,Kelana Jaya,"https://www.google.com/maps/place/USJ7/@3.05496,101.5896151,17z/data=!3m1!4b1!4m6!3m5!1s0x31cc4ceabac381f7:0x681046d5b11e6856!8m2!3d3.05496!4d101.59219!16s%2Fg%2F11clghqh0v?entry=ttu"
76,79,Taipan,Kelana Jaya,"https://www.google.com/maps/place/Taipan/@3.0476899,101.5898284,19.75z/data=!4m14!1m7!3m6!1s0x31cc4cc6e024ff7f:0xf9e464418a7d6cce!2sLRT+Taipan!8m2!3d3.04806!4d101.59015!16s%2Fg%2F11vbcm9_ms!3m5!1s0x31cc4cc71ff76ac3:0x57a37f356c8a5abe!8m2!3d3.04815!4d101.590233!16s%2Fg%2F11c58qs2gk?entry=ttu"
77,80,Wawasan,Kelana Jaya,"https://www.google.com/maps/place/Wawasan/@3.035062,101.5857731,17z/data=!3m1!4b1!4m6!3m5!1s0x31cc4ccb4ec77d4b:0x98ba97b3ec05a373!8m2!3d3.035062!4d101.588348!16s%2Fg%2F11cjk2_4rn?entry=ttu"
78,81,USJ 21,Kelana Jaya,"https://www.google.com/maps/place/USJ21/@3.0296608,101.5805031,17.75z/data=!4m14!1m7!3m6!1s0x31cdb3320274862b:0x7c9b8a242d4954c7!2sUSJ+21+LRT+Station!8m2!3d3.0298519!4d101.5821081!16s%2Fg%2F11clgm4w1m!3m5!1s0x31cdb33200108ef5:0xb6fda8b9956a7645!8m2!3d3.029881!4d101.581711!16s%2Fg%2F11bx83l2ts?entry=ttu"
79,82,Alam Megah,Kelana Jaya,"https://www.google.com/maps/place/Alam+Megah/@3.0225368,101.5709903,18.75z/data=!4m14!1m7!3m6!1s0x31cdb32799d43dd7:0xe026b85038172b66!2sLrt+Alam+Megah!8m2!3d3.0231843!4d101.571507!16s%2Fg%2F11j1hxl95l!3m5!1s0x31cdb327a35a6c27:0xbb4f26cc915102dc!8m2!3d3.0230743!4d101.5720825!16s%2Fg%2F11clgfhqnl?entry=ttu"
80,83,Subang Alam,Kelana Jaya,"https://www.google.com/maps/place/Subang+Alam/@3.009421,101.5697061,17z/data=!3m1!4b1!4m6!3m5!1s0x31cdb31dc5daab1d:0x72c153358e8f91ce!8m2!3d3.009421!4d101.572281!16s%2Fg%2F11cjj6ml3c?entry=ttu"
81,84,Putra Heights,Kelana Jaya,"https://www.google.com/maps/place/Putra+Heights/@2.9954959,101.574516,18.25z/data=!4m14!1m7!3m6!1s0x31cdb3aa016f0763:0x1909f85d4539e294!2sSJ705+LRT+Putra+Height!8m2!3d2.995283!4d101.575734!16s%2Fg%2F11hz6mwlvj!3m5!1s0x31cdb300ae5e2c4d:0xab7a77a3cbf308c5!8m2!3d2.996016!4d101.575521!16s%2Fm%2F0_ql9hx?entry=ttu"
82,85,Kwasa Damansara,Putrajaya,"https://www.google.com/maps/place/Kwasa+Damansara+MRT+Station+(KG04+%2F+PY01)/@3.1766451,101.5700674,17z/data=!3m1!4b1!4m6!3m5!1s0x31cc4f75c8e9912f:0xeeab1fdd1c22bc79!8m2!3d3.1766451!4d101.5726423!16s%2Fg%2F11cs12bhtd?entry=ttu"
83,86,Kampung Selamat,Putrajaya,"https://www.google.com/maps/place/Kampung+Selamat+(SBK02)/@3.1976943,101.5757513,17z/data=!4m14!1m7!3m6!1s0x31cc4584297bd655:0x56fda6497caa2eda!2sMRT+Kampung+Selamat+(PY03)!8m2!3d3.1976943!4d101.5783262!16s%2Fg%2F11bwd2r_gk!3m5!1s0x31cc4584297ddca1:0x8c9949ec0a5a494b!8m2!3d3.1972781!4d101.5784398!16s%2Fg%2F11c7003xq2?entry=ttu"
84,87,Sungai Buloh,Putrajaya,"https://www.google.com/maps/place/Sungai+Buloh/@3.205159,101.5790465,17z/data=!4m6!3m5!1s0x31cc459a3bc98605:0xb83cf4f9a762d2e3!8m2!3d3.2060695!4d101.5808489!16s%2Fm%2F02qp1t6?entry=ttu"
85,88,Damansara Damai,Putrajaya,"https://www.google.com/maps/place/Damansara+Damai/@3.1998391,101.5919034,18.75z/data=!4m14!1m7!3m6!1s0x31cc456a52772b91:0x86dcfa632c4b276d!2sDamansara+Damai+MRT+Station+(PY05)!8m2!3d3.1999198!4d101.5925281!16s%2Fg%2F11rjj3x89v!3m5!1s0x31cc458d2c25b68f:0xe73241d7ec4c3c33!8m2!3d3.19989!4d101.59262!16s%2Fg%2F11t2_cxx67?entry=ttu"
86,89,Sri Damansara Barat,Putrajaya,"https://www.google.com/maps/place/Sri+Damansara+Barat/@3.1979299,101.6062261,17.5z/data=!4m14!1m7!3m6!1s0x31cc457c3758469d:0xe580b9091b2d0fbe!2sMRT+Sri+Damansara+Barat+Station+(PY06)!8m2!3d3.1978356!4d101.6083834!16s%2Fg%2F11s3vmtlkg!3m5!1s0x31cc45fbbe85b123:0x5530689cf42885e7!8m2!3d3.1982!4d101.6083!16s%2Fg%2F11kc8ndmhx?entry=ttu"
87,90,Sri Damansara Sentral,Putrajaya,"https://www.google.com/maps/place/Sri+Damansara+Sentral/@3.19859,101.6185951,17z/data=!3m1!4b1!4m6!3m5!1s0x31cc460682d6fe45:0x31452247f9a464d1!8m2!3d3.19859!4d101.62117!16s%2Fg%2F11t3f6sl20?entry=ttu"
88,91,Sri Damansara Timur,Putrajaya,"https://www.google.com/maps/place/Sri+Damansara+Timur/@3.2077561,101.6261098,17z/data=!3m1!4b1!4m6!3m5!1s0x31cc4612403674b3:0xe6eb0cf21ca6afdd!8m2!3d3.2077561!4d101.6286847!16s%2Fg%2F11r_tkznlr?entry=ttu"
89,92,Metro Prima,Putrajaya,"https://www.google.com/maps/place/Metro+Prima/@3.2119879,101.6286282,15z/data=!4m15!1m8!3m7!1s0x31cc4640915f9adf:0x764f433dcb7eeaba!2sMetro+Prima,+52100+Kuala+Lumpur,+Federal+Territory+of+Kuala+Lumpur!3b1!8m2!3d3.213144!4d101.6425249!16s%2Fg%2F1wfvk4zr!3m5!1s0x31cc4641beaad8bf:0x5d43bccc2cfc9586!8m2!3d3.21459!4d101.6403!16s%2Fg%2F11t3f73j20?entry=ttu"
90,93,Kepong Baru,Putrajaya,"https://www.google.com/maps/place/Kepong+Baru/@3.2113826,101.6482455,19.75z/data=!4m10!1m2!2m1!1skepong+baru+mrt!3m6!1s0x31cc46478d1212d7:0xe394391f13120e73!8m2!3d3.21166!4d101.64819!15sCg9rZXBvbmcgYmFydSBtcnSSAQ5zdWJ3YXlfc3RhdGlvbuABAA!16s%2Fg%2F11bzt_gqcs?entry=ttu"
91,94,Jinjang,Putrajaya,"https://www.google.com/maps/place/Jinjang/@3.20861,101.65591,17z/data=!4m14!1m7!3m6!1s0x31cc4635d4bb5b4f:0x37e6e4a6bd2de5f!2sMRT+Jinjang+Pintu+B!8m2!3d3.20861!4d101.65591!16s%2Fg%2F11rhxn6533!3m5!1s0x31cc4635ded6a61d:0x324d08fd8d7ad0a0!8m2!3d3.20954!4d101.65583!16s%2Fg%2F11bzv4fws1?entry=ttu"
92,95,Sri Delima,Putrajaya,"https://www.google.com/maps/place/Sri+Delima/@3.2064876,101.6646583,17.5z/data=!4m14!1m7!3m6!1s0x31cc47cbef8a975d:0xb016dd8c84eac6b9!2sMRT+Sri+Delima!8m2!3d3.20667!4d101.66627!16s%2Fg%2F11vbzqd00j!3m5!1s0x31cc47cbebbc47b9:0x6f28b8c76c1c4a73!8m2!3d3.20711!4d101.66575!16s%2Fg%2F11bzv2l1dk?entry=ttu"
93,96,Kampung Batu,Putrajaya,"https://www.google.com/maps/place/Kampung+Batu/@3.2055434,101.6750099,18.54z/data=!4m14!1m7!3m6!1s0x31cc47893e236f27:0xc175473168571efd!2sMRT+Kampung+Batu+Station+(PY13)!8m2!3d3.2055436!4d101.6753665!16s%2Fg%2F11h6rrf3gl!3m5!1s0x31cc47c5d2d0bcef:0x340862e9b65182e1!8m2!3d3.20594!4d101.67527!16s%2Fg%2F11t3d_jdry?entry=ttu"
94,97,Kentomen,Putrajaya,"https://www.google.com/maps/place/Kentomen/@3.1966222,101.6770588,16.75z/data=!4m14!1m7!3m6!1s0x31cc47a9d1e5bf5f:0x7f6e38d7927fc824!2sMRT+Kentonmen+-+Gate+A!8m2!3d3.196521!4d101.6799561!16s%2Fg%2F11fsp53bn2!3m5!1s0x31cc47dea2485f17:0x6a5c43cda54d6ee5!8m2!3d3.1953773!4d101.6796608!16s%2Fg%2F11twq51y2b?entry=ttu"
95,98,Jalan Ipoh,Putrajaya,"https://www.google.com/maps/place/Jalan+Ipoh/@3.1897737,101.6784229,17z/data=!4m14!1m7!3m6!1s0x31cc376fd28cd5cd:0x924d638234f3d641!2sMRT+Jalan+Ipoh+Station+(PY15)!8m2!3d3.1897737!4d101.6809978!16s%2Fg%2F11khks2tqz!3m5!1s0x31cc4875a7389687:0x1d686dbac9de74f9!8m2!3d3.18943!4d101.68112!16s%2Fg%2F11bzv5br95?entry=ttu"
96,99,Sentul Barat,Putrajaya,"https://www.google.com/maps/place/Sentul+Barat/@3.1782853,101.6834157,17.25z/data=!4m14!1m7!3m6!1s0x31cc4813196d322f:0x7caa544f2272a67e!2sMRT+Sentul+Barat+Pintu+B!8m2!3d3.17824!4d101.68575!16s%2Fg%2F11kb3hk72w!3m5!1s0x31cc4812d0304475:0x8f11738dc6174e3!8m2!3d3.17924!4d101.68463!16s%2Fg%2F11txrpzs7r?entry=ttu"
97,100,Titiwangsa,Putrajaya,"https://www.google.com/maps/place/MRT+Titiwangsa+Station/@3.1736919,101.6935552,17z/data=!3m1!4b1!4m6!3m5!1s0x31cc4922008b5609:0xf30202505afa06ae!8m2!3d3.1736919!4d101.6961301!16s%2Fg%2F11ty4rwsry?entry=ttu"
98,101,Hospital Kuala Lumpur,Putrajaya,"https://www.google.com/maps/place/Hospital+Kuala+Lumpur/@3.1739928,101.6996992,17z/data=!4m14!1m7!3m6!1s0x31cc4944d6950c85:0x43fe80147b9964cc!2sMRT+Hospital+Kuala+Lumpur+(PY18)!8m2!3d3.1739928!4d101.7022741!16s%2Fg%2F11k4m7vwhs!3m5!1s0x31cc481ed6c8d865:0xa7f29ebd7b9e6d4c!8m2!3d3.17383!4d101.7016!16s%2Fg%2F11bzv2ql_6?entry=ttu"
99,102,Raja Uda,Putrajaya,"https://www.google.com/maps/place/Raja+Uda/@3.16794,101.7075951,17z/data=!3m1!4b1!4m6!3m5!1s0x31cc37deeefa4d97:0x8941756e687884c0!8m2!3d3.16794!4d101.71017!16s%2Fg%2F11twr08y5s?entry=ttu"
100,103,Ampang Park,Putrajaya,"https://www.google.com/maps/place/Ampang+Park/@3.1604421,101.7164461,18z/data=!4m14!1m7!3m6!1s0x31cc3764aa81459b:0x35edfd53affc49f4!2sAmpang+Park+MRT+Station+(PY20)!8m2!3d3.1620749!4d101.7184978!16s%2Fg%2F11s8m_72j1!3m5!1s0x31cc37cfe3d8aa2d:0x51c25797f20aa033!8m2!3d3.16013!4d101.71846!16s%2Fg%2F11vjdzjfgb?entry=ttu"
101,104,Persiaran KLCC,Putrajaya,"https://www.google.com/maps/place/Persiaran+KLCC/@3.15712,101.7157651,17z/data=!3m1!4b1!4m6!3m5!1s0x31cc37ce1de3e8cd:0x5aadd2f2bd007336!8m2!3d3.15712!4d101.71834!16s%2Fg%2F11twq_zvm1?entry=ttu"
102,105,Conlay,Putrajaya,"https://www.google.com/maps/place/Conlay/@3.15124,101.7155051,17z/data=!3m1!4b1!4m6!3m5!1s0x31cc37d2aad1c521:0xbf8bbd14e753e188!8m2!3d3.15124!4d101.71808!16s%2Fg%2F11bztyv4p6?entry=ttu"
103,106,Tun Razak Exchange (TRX),Putrajaya,"https://www.google.com/maps/place/Tun+Razak+Exchange/@3.1423817,101.7183501,17.75z/data=!4m10!1m2!2m1!1smrt+trx!3m6!1s0x31cc36306903b007:0xd56c2d4696bfb375!8m2!3d3.1424!4d101.72016!15sCgdtcnQgdHJ4WgkiB21ydCB0cniSAQ90cmFuc2l0X3N0YXRpb26aASRDaGREU1VoTk1HOW5TMFZKUTBGblNVTXhiVTFJVFRCQlJSQULgAQA!16s%2Fg%2F11bwck78h9?entry=ttu"
104,107,Chan Sow Lin,Putrajaya,"https://www.google.com/maps/place/Chan+Sow+Lin/@3.129502,101.715511,17.75z/data=!4m14!1m7!3m6!1s0x31cc37025c7391a9:0x1d8cac05fe31a2da!2sMRT+Chan+Sow+Lin!8m2!3d3.1299649!4d101.7170484!16s%2Fg%2F11h37qmplg!3m5!1s0x31cc3619b9b8ae87:0x966be204d5692678!8m2!3d3.1284!4d101.71655!16s%2Fg%2F11twr0dl00?entry=ttu"
105,110,Kuchai,Putrajaya,"https://www.google.com/maps/place/Kuchai/@3.08945,101.6918551,17z/data=!4m14!1m7!3m6!1s0x31cc4a6d9a10d0eb:0xaa9c5f29f6a36eeb!2sMRT+Kuchai!8m2!3d3.08945!4d101.69443!16s%2Fg%2F11srxwc4rw!3m5!1s0x31cc4a6d99aaa975:0xb8a6209212f675b6!8m2!3d3.08955!4d101.69412!16s%2Fg%2F11twr0ctjk?entry=ttu"
106,111,Taman Naga Emas,Putrajaya,"https://www.google.com/maps/place/Taman+Naga+Emas/@3.0775318,101.6978711,18.25z/data=!4m14!1m7!3m6!1s0x31cc4a7c74616f53:0xe6981c1da44e8bef!2sMRT+Taman+Naga+Emas!8m2!3d3.07742!4d101.69952!16s%2Fg%2F11v05dnhfq!3m5!1s0x31cc4a7b8a935a51:0x17d8c97904796e57!8m2!3d3.07769!4d101.69987!16s%2Fg%2F11bzv12pyb?entry=ttu"
107,112,Sungai Besi,Putrajaya,"https://www.google.com/maps/place/Sungai+Besi/@3.0630652,101.7071959,17.75z/data=!4m14!1m7!3m6!1s0x31cc356008579e2f:0x5ccb13aed0b9c99b!2sMRT+Sungai+Besi+Station+(PY29)!8m2!3d3.063523!4d101.7084334!16s%2Fg%2F11h763h35h!3m5!1s0x31cc357d3e528e95:0x404cbe480242f6a7!8m2!3d3.06374!4d101.7084!16s%2Fg%2F11srhdl4fz?entry=ttu"
108,113,Serdang Raya Utara,Putrajaya,"https://www.google.com/maps/place/Serdang+Raya+Utara/@3.0422541,101.7024786,17z/data=!4m14!1m7!3m6!1s0x31cc4bfd1cb14037:0x8920eb078a185ca8!2sMRT+Serdang+Raya+Utara+(PY31)!8m2!3d3.0422541!4d101.7050535!16s%2Fg%2F11h763dkqs!3m5!1s0x31cc4aa86a2f1a45:0x4ef2e424ff3b425e!8m2!3d3.04167!4d101.70493!16s%2Fg%2F11bzv6lf4g?entry=ttu"
109,114,Serdang Raya Selatan,Putrajaya,"https://www.google.com/maps/place/Serdang+Raya+Selatan/@3.0295931,101.7042791,17z/data=!4m14!1m7!3m6!1s0x31cdcbc5e7df67e1:0xe9c4845f24559676!2sMRT+Serdang+Raya+Selatan+(PY32)!8m2!3d3.0295931!4d101.706854!16s%2Fg%2F11v0tnfz0c!3m5!1s0x31cdcaaa1d3f9c69:0xedb90e045c920fc2!8m2!3d3.02846!4d101.70751!16s%2Fg%2F11srhdhvrj?entry=ttu"
110,115,Serdang Jaya,Putrajaya,"https://www.google.com/maps/place/Serdang+Jaya/@3.0210659,101.7087411,19.5z/data=!4m14!1m7!3m6!1s0x31cdcb9974b46417:0xbe597e912a98c6ca!2sMRT+Serdang+Jaya+(PY33)!8m2!3d3.0213918!4d101.7089957!16s%2Fg%2F11h762_dtb!3m5!1s0x31cdcaa7afe12513:0xb67213f48f9125c2!8m2!3d3.02169!4d101.70904!16s%2Fg%2F11bzv55y1b?entry=ttu"
111,116,UPM,Putrajaya,"https://www.google.com/maps/place/UPM/@3.0042986,101.6761054,14z/data=!4m10!1m2!2m1!1smrt+upm!3m6!1s0x31cdb56203be3881:0xe4ce961afb3997c1!8m2!3d3.00856!4d101.70639!15sCgdtcnQgdXBtkgEOc3Vid2F5X3N0YXRpb27gAQA!16s%2Fg%2F11bzt_6_g5?entry=ttu"
112,117,Taman Equine,Putrajaya,"https://www.google.com/maps/place/MRT+Taman+Equine+Station+(PY36)/@2.9899807,101.6721813,19.25z/data=!4m6!3m5!1s0x31cdb578e8381689:0xacdaf2046cb9458f!8m2!3d2.9892814!4d101.6724946!16s%2Fg%2F11bzv12pw6?entry=ttu"
113,118,Putra Permai,Putrajaya,"https://www.google.com/maps/place/Putra+Permai/@2.9831012,101.6605219,19.25z/data=!4m14!1m7!3m6!1s0x31cdb44d2f8f4409:0xa5e234f2c72ce67c!2sMRT+Putra+Permai+Station+(PY37)!8m2!3d2.9831653!4d101.6609483!16s%2Fg%2F11hbhhk0gr!3m5!1s0x31cdb44d30e07cad:0xeddf1a0d90caecd9!8m2!3d2.98339!4d101.66099!16s%2Fg%2F11kh9dlgfy?entry=ttu"
114,119,16 Sierra,Putrajaya,"https://www.google.com/maps/place/16+Sierra/@2.9656832,101.6523344,17z/data=!4m14!1m7!3m6!1s0x31cdb431e2addfc7:0xd43bcdccbfcdc25f!2sMRT+16+Sierra+(PY38)!8m2!3d2.9656832!4d101.6549093!16s%2Fg%2F11gg_vrxgz!3m5!1s0x31cdb431fd2ec1b3:0xf2ad38e21217a661!8m2!3d2.96497!4d101.65481!16s%2Fg%2F11bztz1jtx?entry=ttu"
115,120,Cyberjaya Utara,Putrajaya,"https://www.google.com/maps/place/Cyberjaya+Utara/@2.9498609,101.6558259,18z/data=!4m14!1m7!3m6!1s0x31cdb767de10ae31:0x3455413977af0ec4!2sMRT+Cyberjaya+Utara+Station+(PY39)!8m2!3d2.9501459!4d101.6572259!16s%2Fg%2F11h7630fpf!3m5!1s0x31cdb686c899b38d:0xa8171706cf03d893!8m2!3d2.95!4d101.6573!16s%2Fg%2F11srhd08cq?entry=ttu"
116,121,Cyberjaya City Centre,Putrajaya,"https://www.google.com/maps/place/Cyberjaya+City+Centre/@2.9384406,101.6632869,17z/data=!4m14!1m7!3m6!1s0x31cdb66239d8e61b:0x374875c197fcefc1!2sMRT+Cyberjaya+City+Centre+(PY40)!8m2!3d2.9384406!4d101.6658618!16s%2Fg%2F11bzt_bt_s!3m5!1s0x31cdb661158d4fdb:0x764896dcdc511553!8m2!3d2.9392!4d101.66552!16s%2Fg%2F11twq_ss4w?entry=ttu"
117,122,Putrajaya Sentral,Putrajaya,"https://www.google.com/maps/place/Putrajaya+Sentral/@2.9311311,101.6695859,18z/data=!4m14!1m7!3m6!1s0x31cdb7c3026d87b3:0x4356636c0f1cd235!2sPutrajaya+Sentral+MRT+Station+(PY41)!8m2!3d2.9311441!4d101.6715575!16s%2Fg%2F11h1drd843!3m5!1s0x31cdb65c982b62b1:0x4b36b92581703649!8m2!3d2.9312955!4d101.6714975!16s%2Fg%2F12lvb_ntm?entry=ttu"
118,123,Kwasa Sentral,Kajang,"https://www.google.com/maps/place/Kwasa+Sentral/@3.1699762,101.5622322,17z/data=!3m1!4b1!4m6!3m5!1s0x31cc4fa17e8f192d:0x886b04b45d3cbe83!8m2!3d3.1699762!4d101.5648071!16s%2Fg%2F11bwc5cdhb?entry=ttu"
119,124,Kota Damansara,Kajang,"https://www.google.com/maps/place/Kota+Damansara+MRT+Station+(KG06)/@3.15007,101.576654,17z/data=!3m1!4b1!4m6!3m5!1s0x31cc4efcff6a8d99:0x1a22ddf2112597d5!8m2!3d3.15007!4d101.5792289!16s%2Fg%2F11bwck78hf?entry=ttu"
120,125,Surian,Kajang,"https://www.google.com/maps/place/Surian/@3.1498687,101.5926163,18.5z/data=!4m14!1m7!3m6!1s0x31cc4ede2b9f7ffb:0x85d82da38ff75fbe!2sSurian+MRT+Station+(KG07)!8m2!3d3.1496229!4d101.5939527!16s%2Fg%2F11cnc0fkns!3m5!1s0x31cc4ede3a61a3e5:0xaf07d05008a3e660!8m2!3d3.1494854!4d101.593917!16s%2Fg%2F11bwcq46hm?entry=ttu"
121,126,Mutiara Damansara,Kajang,"https://www.google.com/maps/place/Mutiara+Damansara/@3.1555365,101.6076778,18.75z/data=!4m14!1m7!3m6!1s0x31cc4f2911a79a63:0xf60ef8691334924e!2sMRT+Mutiara+Damansara+Pintu+B!8m2!3d3.155687!4d101.608187!16s%2Fg%2F11h4kwmg_v!3m5!1s0x31cc4f29735acdf7:0x90b38569b4b671ba!8m2!3d3.15526!4d101.60872!16s%2Fg%2F11twq4m_jg?entry=ttu"
122,127,Bandar Utama,Kajang,"https://www.google.com/maps/place/Bandar+Utama/@3.1466959,101.6161708,17z/data=!3m1!4b1!4m6!3m5!1s0x31cc492c62bec29d:0x51455ae90cba9e30!8m2!3d3.1466959!4d101.6187457!16s%2Fg%2F11bwcv4v21?entry=ttu"
123,128,Taman Tun Dr Ismail,Kajang,"https://www.google.com/maps/place/Taman+Tun+Dr+Ismail/@3.13565,101.6293538,17.75z/data=!4m14!1m7!3m6!1s0x31cc49390fa7b275:0x458d4e88c7668088!2sMRT+TTDI!8m2!3d3.1357055!4d101.6305424!16s%2Fg%2F11ftnllz_0!3m5!1s0x31cc4939730e2c61:0xba163560138cfc09!8m2!3d3.1358356!4d101.6314269!16s%2Fg%2F11bwn5mrll?entry=ttu"
124,129,Phileo Damansara,Kajang,"https://www.google.com/maps/place/Phileo+Damansara+(SBK12)/@3.1290045,101.6414948,17z/data=!4m6!3m5!1s0x31cc496b970a7c89:0xcf6c00be6fa02574!8m2!3d3.12922!4d101.64298!16s%2Fg%2F11vlz3g6yd?entry=ttu"
125,130,Pusat Bandar Damansara,Kajang,"https://www.google.com/maps/place/Pusat+Bandar+Damansara/@3.143913,101.6609131,17z/data=!4m14!1m7!3m6!1s0x31cc49a850162185:0x5a21863802d42838!2sMRT+Pusat+Bandar+Damansara+Pintu+A!8m2!3d3.143913!4d101.663488!16s%2Fg%2F11h4kwj7xm!3m5!1s0x31cc49a83de6939d:0x5f2cbbe5eb34f174!8m2!3d3.143297!4d101.662331!16s%2Fg%2F11h5ll13hd?entry=ttu"
126,131,Semantan,Kajang,"https://www.google.com/maps/place/MRT+Semantan/@3.1518076,101.6629544,16.5z/data=!4m6!3m5!1s0x31cc49ab3c72ab99:0xac05ab945d5e8547!8m2!3d3.1510399!4d101.6652861!16s%2Fg%2F11bysjtv_7?entry=ttu"
127,132,Muzium Negara,Kajang,"https://www.google.com/maps/place/Muzium+Negara/@3.1373953,101.6851046,17z/data=!3m1!4b1!4m6!3m5!1s0x31cc49c6d0c22957:0xb2aef33c362ad9b5!8m2!3d3.1373953!4d101.6876795!16s%2Fg%2F1hc3p_txc?entry=ttu"
128,133,Pasar Seni,Kajang,"https://www.google.com/maps/place/Pasar+Seni/@3.1424481,101.6943923,18.5z/data=!4m14!1m7!3m6!1s0x31cc49d01c955555:0xbf9264fc6ab2a4e4!2sPasar+Seni+MRT+Station+(KG16)!8m2!3d3.1426905!4d101.6954067!16s%2Fg%2F11g69_1zmz!3m5!1s0x31cc49d01d3a37eb:0xb06db6494a54ba4b!8m2!3d3.14229!4d101.69556!16s%2Fm%2F0266992?entry=ttu"
129,134,Merdeka,Kajang,"https://www.google.com/maps/place/Merdeka/@3.1424803,101.6995677,17z/data=!3m1!4b1!4m6!3m5!1s0x31cc49d75bb18477:0x563bdaebaffa69b6!8m2!3d3.1424803!4d101.7021426!16s%2Fg%2F11bwc7g9pm?entry=ttu"
130,135,Pavilion Bukit Bintang,Kajang,"https://www.google.com/maps/place/Bukit+Bintang/@3.1460239,101.7113656,20.25z/data=!4m15!1m8!3m7!1s0x31cc36295946048d:0x18c4b02f3f0e6102!2sMonorail+Station+Bukit+Bintang,+Bukit+Bintang,+55100+Kuala+Lumpur,+Wilayah+Persekutuan+Kuala+Lumpur!3b1!8m2!3d3.1460225!4d101.7114998!16s%2Fg%2F12ht_z8d5!3m5!1s0x31cc362bdfaee04b:0x97c3ff733f18bd41!8m2!3d3.1460998!4d101.7114678!16s%2Fg%2F1q6j8dhm3?entry=ttu"
131,136,Tun Razak Exchange (TRX),Kajang,"https://www.google.com/maps/place/Tun+Razak+Exchange/@3.1426089,101.7196531,19.25z/data=!4m14!1m7!3m6!1s0x31cc37880733ac83:0xffb65c22ef9ef062!2sTRX+MRT+CBD+Link!8m2!3d3.1423801!4d101.7197832!16s%2Fg%2F11r70mt1x3!3m5!1s0x31cc36306903b007:0xd56c2d4696bfb375!8m2!3d3.1424!4d101.72016!16s%2Fg%2F11bwck78h9?entry=ttu"
132,137,Cochrane,Kajang,"https://www.google.com/maps/place/Cochrane/@3.1329275,101.7203257,17z/data=!3m1!4b1!4m6!3m5!1s0x31cc363dc24f1549:0xfaf18d3162f77808!8m2!3d3.1329275!4d101.7229006!16s%2Fg%2F11bwd01t45?entry=ttu"
133,138,Aeon Maluri,Kajang,"https://www.google.com/maps/place/Maluri/@3.1241103,101.7266094,18.5z/data=!4m14!1m7!3m6!1s0x31cc3612e476329f:0xc651dec9b7632398!2sMaluri+MRT+Station+(KG22)!8m2!3d3.1243149!4d101.7277174!16s%2Fg%2F11g736dnry!3m5!1s0x31cc3612e428eb83:0x92ec2401210c6ec2!8m2!3d3.12362!4d101.72781!16s%2Fg%2F11vjzzdttw?entry=ttu"
134,139,Taman Pertama,Kajang,"https://www.google.com/maps/place/Taman+Pertama/@3.11278,101.7267851,17z/data=!3m1!4b1!4m6!3m5!1s0x31cc360ab3ba5e9f:0xde2f65986db832df!8m2!3d3.11278!4d101.72936!16s%2Fg%2F11c2nqmnp_?entry=ttu"
135,140,Taman Midah,Kajang,"https://www.google.com/maps/place/Taman+Midah/@3.10446,101.7321148,21z/data=!4m14!1m7!3m6!1s0x31cc35ddb758a16d:0xfcb17d7394dd8a3f!2sMRT+Taman+Midah+Pintu+A!8m2!3d3.1053123!4d101.7317415!16s%2Fg%2F11j5vvqds5!3m5!1s0x31cc35ddabb63e49:0xcbfadffcf04bd4c!8m2!3d3.1045!4d101.73219!16s%2Fg%2F11h27n2dc4!5m1!1e2?entry=ttu"
136,141,Taman Mutiara,Kajang,"https://www.google.com/maps/place/Taman+Mutiara/@3.0914142,101.7401097,20.5z/data=!4m14!1m7!3m6!1s0x31cc35b8199d2877:0x21fb110369c7ca60!2sTaman+Mutiara+(KG25)!8m2!3d3.09175!4d101.74047!16s%2Fg%2F11bwf81j_w!3m5!1s0x31cc35b80928377b:0x73578864e62ae0b7!8m2!3d3.0914069!4d101.7404434!16s%2Fg%2F11vjtbp0xy!5m1!1e2?entry=ttu"
137,142,Taman Connaught,Kajang,"https://www.google.com/maps/place/Taman+Connaught/@3.07917,101.7426451,17z/data=!3m1!4b1!4m6!3m5!1s0x31cc35aef3261957:0x5b294983957295e8!8m2!3d3.07917!4d101.74522!16s%2Fg%2F11vjt9rqxd!5m1!1e2?entry=ttu"
138,143,Taman Suntex,Kajang,"https://www.google.com/maps/place/Taman+Suntex/@3.0716461,101.7610286,17z/data=!3m1!4b1!4m6!3m5!1s0x31cc34f8030818f9:0x76f97d382877b509!8m2!3d3.0716461!4d101.7636035!16s%2Fg%2F11bwc46656!5m1!1e2?entry=ttu"
139,144,Sri Raya,Kajang,"https://www.google.com/maps/place/Sri+Raya/@3.0621657,101.7703107,17z/data=!3m1!4b1!4m6!3m5!1s0x31cc34ed6727bbd9:0x69d0a7ad4aef1542!8m2!3d3.0621657!4d101.7728856!16s%2Fg%2F11bwc584t9!5m1!1e2?entry=ttu"
140,145,Bandar Tun Hussien Onn,Kajang,"https://www.google.com/maps/place/MRT+Bandar+Tun+Hussein+Onn+(SBK29)/@3.0484402,101.7745238,19.75z/data=!4m7!3m6!1s0x31cc34c4907ea25b:0x57076a9e3a1a1f33!4b1!8m2!3d3.0488498!4d101.7747278!16s%2Fg%2F11c1qwgwhg!5m1!1e2?entry=ttu"
141,146,Batu Sebelas Cheras,Kajang,"https://www.google.com/maps/place/Batu+11+Cheras/@3.0413455,101.7707515,17z/data=!3m1!4b1!4m6!3m5!1s0x31cc34c8698a2b7d:0x1d6acfe1fd85cdf7!8m2!3d3.0413455!4d101.7733264!16s%2Fg%2F11gxx7dwdz!5m1!1e2?entry=ttu"
142,147,Bukit Dukung,Kajang,"https://www.google.com/maps/place/Bukit+Dukung/@3.0261962,101.770912,20z/data=!4m6!3m5!1s0x31cdcb36eafe6b7f:0x81c3751610cb71d1!8m2!3d3.0263087!4d101.771103!16s%2Fg%2F11h27mz19n!5m1!1e2?entry=ttu"
143,148,Sungai Jernih,Kajang,"https://www.google.com/maps/place/Sungai+Jernih/@3.0008367,101.7834264,19.25z/data=!4m14!1m7!3m6!1s0x31cdcb704cfdb43b:0xa1dca87b70f669ad!2sMRT+Sungai+Jernih+Pintu+B!8m2!3d3.001429!4d101.783866!16s%2Fg%2F11fmbd28pc!3m5!1s0x31cdcb70548306ab:0x1a9072b0585ea44a!8m2!3d3.00095!4d101.78386!16s%2Fg%2F11vlz40qhw!5m1!1e2?entry=ttu"
144,149,Stadium Kajang,Kajang,"https://www.google.com/maps/place/Stadium+Kajang/@2.9936468,101.7854936,18.75z/data=!4m14!1m7!3m6!1s0x31cdcb0c52e2e0dd:0x46940e57f656e28e!2sMRT+Stadium+Kajang+(KG34)!8m2!3d2.9938099!4d101.7861175!16s%2Fg%2F11rqgd9fq8!3m5!1s0x31cdcb778b326fdd:0xefb47cbbd5b329c3!8m2!3d2.99451!4d101.78634!16s%2Fg%2F11bxb8jlq2!5m1!1e2?entry=ttu"
145,150,Kajang,Kajang,"https://www.google.com/maps/place/Kajang/@2.9830956,101.7902315,18.75z/data=!4m14!1m7!3m6!1s0x31cdcb71b82a9597:0x701f9bb3d58def24!2sMRT+Kajang+Station+(SBK35)!8m2!3d2.9830073!4d101.7902261!16s%2Fg%2F11fxdy4qxz!3m5!1s0x31cdcb8f666ee88f:0x4a1bff379bf6b9de!8m2!3d2.9832415!4d101.7906296!16s%2Fm%2F02qk9yx!5m1!1e2?entry=ttu"
146,151,Kwasa Damansara,Kajang,"https://www.google.com/maps/place/Kwasa+Damansara+MRT+Station+(KG04+%2F+PY01)/@3.1766451,101.5700674,17z/data=!3m1!4b1!4m6!3m5!1s0x31cc4f75c8e9912f:0xeeab1fdd1c22bc79!8m2!3d3.1766451!4d101.5726423!16s%2Fg%2F11cs12bhtd?entry=ttu"
147,152,KL Sentral,Monorail,"https://www.google.com/maps/place/KL+Sentral/@3.1326768,101.6879245,17z/data=!3m1!4b1!4m6!3m5!1s0x31cc49c1c68ecae1:0xdf5c97548b1ecc!8m2!3d3.1326768!4d101.6879245!16s%2Fg%2F1tctzyd4?entry=ttu"
148,153,Tun Sambanthan,Monorail,"https://www.google.com/maps/place/Tun+Sambanthan/@3.1314607,101.6883127,17z/data=!3m1!4b1!4m6!3m5!1s0x31cc49e9e673c9a3:0x780ab0f102efe27d!8m2!3d3.1314607!4d101.6908876!16s%2Fm%2F026mtcj?entry=ttu"
149,154,Maharajalela,Monorail,"https://www.google.com/maps/place/Maharajalela/@3.1389035,101.6966538,17z/data=!3m1!4b1!4m6!3m5!1s0x31cc49dbb16aaac1:0xa7293d6f067a4a9a!8m2!3d3.1389035!4d101.6992287!16s%2Fm%2F026mtd6?entry=ttu"
150,155,Hang Tuah,Monorail,"https://www.google.com/maps/place/Hang+Tuah/@3.1397764,101.7036962,17z/data=!4m14!1m7!3m6!1s0x31cc49d86dcfffe1:0x698a4bdc186506be!2sHang+Tuah!8m2!3d3.1397764!4d101.7062711!16s%2Fg%2F11c5_cl7y0!3m5!1s0x31cc49d870ca6549:0x58be2c98f8c86213!8m2!3d3.1407374!4d101.7061135!16s%2Fg%2F11r_p8l94?entry=ttu"
151,156,Imbi,Monorail,"https://www.google.com/maps/place/Imbi/@3.14283,101.7068751,17z/data=!3m1!4b1!4m6!3m5!1s0x31cc36285e5a6e91:0x4a919dd8467ebaae!8m2!3d3.14283!4d101.70945!16s%2Fm%2F0266rmy?entry=ttu"
152,157,Bukit Bintang,Monorail,"https://www.google.com/maps/place/Bukit+Bintang/@3.1463033,101.7112902,20z/data=!4m15!1m8!3m7!1s0x31cc36295946048d:0x18c4b02f3f0e6102!2sMonorail+Station+Bukit+Bintang,+Bukit+Bintang,+55100+Kuala+Lumpur,+Wilayah+Persekutuan+Kuala+Lumpur!3b1!8m2!3d3.1460225!4d101.7114998!16s%2Fg%2F12ht_z8d5!3m5!1s0x31cc36295befffcf:0xb57dfd6c2231e78e!8m2!3d3.14602!4d101.7115!16s%2Fg%2F11h2fq9pmn?entry=ttu"
153,158,Raja Chulan,Monorail,"https://www.google.com/maps/place/Raja+Chulan/@3.1508673,101.7078464,17z/data=!3m1!4b1!4m6!3m5!1s0x31cc362b31d0003d:0xed1bf5016354c5d2!8m2!3d3.1508673!4d101.7104213!16s%2Fm%2F026mtfl?entry=ttu"
154,159,Bukit Nanas,Monorail,"https://www.google.com/maps/place/Bukit+Nanas/@3.15621,101.7022351,17z/data=!3m1!4b1!4m6!3m5!1s0x31cc482a279612dd:0x4e261382fc9f684c!8m2!3d3.15621!4d101.70481!16s%2Fm%2F02682mh?entry=ttu"
155,160,Medan Tuanku,Monorail,"https://www.google.com/maps/place/Stesen+Monorel+Medan+Tuanku/@3.15935,101.6963051,17z/data=!3m1!4b1!4m6!3m5!1s0x31cc482f051326f9:0x179b4a5b5251ec7c!8m2!3d3.15935!4d101.69888!16s%2Fm%2F026mtg8?entry=ttu"
156,161,Chow Kit,Monorail,"https://www.google.com/maps/place/Chow+Kit/@3.167358,101.6958041,17z/data=!3m1!4b1!4m6!3m5!1s0x31cc48239f955529:0xfdfa5f3bd8b4e26d!8m2!3d3.167358!4d101.698379!16s%2Fg%2F11h5rf9kwq?entry=ttu"
157,162,Titiwangsa,Monorail,"https://www.google.com/maps/place/Titiwangsa/@3.1729561,101.6952127,18.25z/data=!4m15!1m8!3m7!1s0x31cc48182e606e8b:0xbd1ad5028a2c766b!2sMonorail+Station+Titiwangsa,+Kuala+Lumpur,+Wilayah+Persekutuan+Kuala+Lumpur!3b1!8m2!3d3.173192!4d101.6960217!16s%2Fg%2F12hk1k74h!3m5!1s0x31cc481780f457ef:0x2c4a28b1bac5a3a2!8m2!3d3.1734423!4d101.695298!16s%2Fg%2F1tfn0743?entry=ttu"
158,7,Masjid Jamek,Ampang,"https://www.google.com/maps/place/Masjid+Jamek/@3.1490265,101.6950519,18.5z/data=!4m6!3m5!1s0x31cc49d2892fffbd:0x5ed1c541a6fbe83!8m2!3d3.149262!4d101.6963784!16s%2Fg%2F1vzf_rpw?entry=ttu"
159,25,Masjid Jamek,Sri Petaling,"https://www.google.com/maps/place/Masjid+Jamek/@3.1490265,101.6950519,18.5z/data=!4m6!3m5!1s0x31cc49d2892fffbd:0x5ed1c541a6fbe83!8m2!3d3.149262!4d101.6963784!16s%2Fg%2F1vzf_rpw?entry=ttu"
160,60,Masjid Jamek,Kelana Jaya,"https://www.google.com/maps/place/Masjid+Jamek/@3.1489482,101.6960501,19.75z/data=!4m14!1m7!3m6!1s0x31cc49d2892fffbd:0x5ed1c541a6fbe83!2sMasjid+Jamek!8m2!3d3.149262!4d101.6963784!16s%2Fg%2F1vzf_rpw!3m5!1s0x31cc49d292c5a4b5:0x8e5a0404602af06d!8m2!3d3.1494329!4d101.6964208!16s%2Fg%2F11gy1s2bcr?entry=ttu"
